[
  {
    "id": 1,
    "eventName": "Soccer",
    "eventLocation": "Toronto, ON",
    "eventDate": "2026-05-15"
  },
  {
    "id": 3,
    "eventName": "Volleyball",
    "eventLocation": "Toronto, ON",
    "eventDate": "2026-11-10"
  },
  {
    "id": 1770936698689
  },
  {
    "id": 1770936715174
  },
  {
    "id": 1770936746205
  },
  {
    "id": 1770936792873
  },
  {
    "id": 1770936809126
  },
  {
    "id": 1770937049618,
    "eventName": "aaa",
    "eventLocation": "aaa",
    "eventDate": "2026-02-12"
  },
  {
    "id": 1770937557319,
    "eventName": "Basketball Game",
    "eventLocation": "oasndioas",
    "eventDate": "2026-02-24"
  },
  {
    "id": 1770937713194,
    "eventName": "asdasda",
    "eventLocation": "asdasd",
    "eventDate": "2026-02-10"
  },
  {
    "id": 1770937713519,
    "eventName": "asdasda",
    "eventLocation": "asdasd",
    "eventDate": "2026-02-10"
  },
  {
    "id": 1770937760969,
    "eventName": "asdasda",
    "eventLocation": "asdasd",
    "eventDate": "2026-02-10"
  },
  {
    "id": 1770937774758,
    "eventName": "asdasdaaaa222",
    "eventLocation": "asdasd",
    "eventDate": "2026-02-10"
  },
  {
    "id": 1771038449027,
    "eventName": "Testing Events",
    "eventLocation": "Narnia",
    "eventDate": "2026-02-11"
  }
]